<?xml version="1.0" encoding="utf-8"?>
<!--/15473172/331726/2.49/4/3/Switch/-->
<quadcept_library>
  <setting unit="mil" />
  <textstyle name="Default" height="47.244094488189" strokewidth="7.8740157480315" charwidth="47.244094488189" />
  <textstyle name="Dimension" height="19.6850393700787" strokewidth="0" charwidth="19.6850393700787" />
  <textstyle name="H127W0635TH00762" height="50" strokewidth="3" charwidth="25" />
  <textstyle name="H15W15TH02" height="59.0551181102362" strokewidth="7.8740157480315" charwidth="59.0551181102362" />
  <padstyle name="r120_90" surface="True" plated="False" isvia="False" nopaste="False" nomask="True" complex="False" holesize="0">
    <padshape layer="TOP" shape="rectangle" width="35.433070866141" height="47.244094488188" />
    <padshape layer="TOP_SOLDER_MASK" shape="rectangle" width="43.307086614173" height="55.11811023622" />
    <padshape layer="TOP_SOLDER_PASTE" shape="rectangle" width="35.433070866141" height="47.244094488188" />
  </padstyle>
  <padstyle name="r130_115" surface="True" plated="False" isvia="False" nopaste="False" nomask="True" complex="False" holesize="0">
    <padshape layer="TOP" shape="rectangle" width="45.275590551181" height="51.181102362204" />
    <padshape layer="TOP_SOLDER_MASK" shape="rectangle" width="53.149606299212" height="59.055118110235" />
    <padshape layer="TOP_SOLDER_PASTE" shape="rectangle" width="45.275590551181" height="51.181102362204" />
  </padstyle>
  <padstyle name="c30_h60" surface="False" plated="True" isvia="False" nopaste="True" nomask="True" complex="False" holesize="23.622047244094">
    <padshape layer="TOP" shape="round" width="11.811023622047" height="11.811023622047" />
    <padshape layer="TOP_SOLDER_MASK" shape="round" width="19.685039370078" height="19.685039370078" />
    <padshape layer="INNER" shape="round" width="11.811023622047" height="11.811023622047" />
    <padshape layer="BOTTOM" shape="round" width="11.811023622047" height="11.811023622047" />
    <padshape layer="BOTTOM_SOLDER_MASK" shape="round" width="19.685039370078" height="19.685039370078" />
  </padstyle>
  <footprint name="TS24CA" originx="0" originy="0" pickpointx="0" pickpointy="0">
    <pcbpin number="1" name="1" style="r120_90" originx="-90.551181102361" originy="0" rotation="0" />
    <pcbpin number="2" name="2" style="r120_90" originx="90.551181102361" originy="0" rotation="0" />
    <pcbpin number="3" name="3" style="r130_115" originx="-65.944881889763" originy="-61.023622047243" rotation="0" />
    <pcbpin number="4" name="4" style="r130_115" originx="65.944881889763" originy="-61.023622047243" rotation="0" />
    <pcbpin number="5" name="MH1" style="c30_h60" originx="-33.464566929133" originy="0" rotation="90" />
    <pcbpin number="6" name="MH2" style="c30_h60" originx="33.464566929133" originy="0" rotation="90" />
    <line layer="TOP_ASSEMBLY" originx="-89.566929133857" originy="35.433070866141" endx="89.566929133857" endy="35.433070866141" width="3.9370078740157" />
    <line layer="TOP_ASSEMBLY" originx="89.566929133857" originy="35.433070866141" endx="89.566929133857" endy="-55.11811023622" width="3.9370078740157" />
    <line layer="TOP_ASSEMBLY" originx="89.566929133857" originy="-55.11811023622" endx="-89.566929133857" endy="-55.11811023622" width="3.9370078740157" />
    <line layer="TOP_ASSEMBLY" originx="-89.566929133857" originy="-55.11811023622" endx="-89.566929133857" endy="35.433070866141" width="3.9370078740157" />
    <line layer="TOP_PLACE_BOUND" originx="-147.63779527559" originy="122.04724409449" endx="147.63779527559" endy="122.04724409449" width="3.9370078740157" />
    <line layer="TOP_PLACE_BOUND" originx="147.63779527559" originy="122.04724409449" endx="147.63779527559" endy="-129.92125984252" width="3.9370078740157" />
    <line layer="TOP_PLACE_BOUND" originx="147.63779527559" originy="-129.92125984252" endx="-147.63779527559" endy="-129.92125984252" width="3.9370078740157" />
    <line layer="TOP_PLACE_BOUND" originx="-147.63779527559" originy="-129.92125984252" endx="-147.63779527559" endy="122.04724409449" width="3.9370078740157" />
    <line layer="TOP_ASSEMBLY" originx="-39.370078740157" originy="35.433070866141" endx="-39.370078740157" endy="82.67716535433" width="3.9370078740157" />
    <line layer="TOP_ASSEMBLY" originx="-39.370078740157" originy="82.67716535433" endx="39.370078740157" endy="82.67716535433" width="3.9370078740157" />
    <line layer="TOP_ASSEMBLY" originx="39.370078740157" originy="82.67716535433" endx="39.370078740157" endy="35.433070866141" width="3.9370078740157" />
    <line layer="TOP_SILKSCREEN" originx="-39.370078740157" originy="35.433070866141" endx="-39.370078740157" endy="82.67716535433" width="7.8740157480314" />
    <line layer="TOP_SILKSCREEN" originx="-39.370078740157" originy="82.67716535433" endx="39.370078740157" endy="82.67716535433" width="7.8740157480314" />
    <line layer="TOP_SILKSCREEN" originx="39.370078740157" originy="82.67716535433" endx="39.370078740157" endy="35.433070866141" width="7.8740157480314" />
    <line layer="TOP_SILKSCREEN" originx="-89.566929133857" originy="35.433070866141" endx="90.551181102361" endy="35.433070866141" width="7.8740157480314" />
    <line layer="TOP_SILKSCREEN" originx="-133.85826771653" originy="-3.9370078740157" endx="-133.85826771653" endy="-3.9370078740157" width="7.8740157480314" />
    <arc layer="TOP_SILKSCREEN" originx="-131.88976377953" originy="-3.9370078740157" startangle="180.0" sweepangle="180.0" radius="1.9685039370078" width="7.8740157480314" />
    <line layer="TOP_SILKSCREEN" originx="-129.92125984252" originy="-3.9370078740157" endx="-129.92125984252" endy="-3.9370078740157" width="7.8740157480314" />
    <arc layer="TOP_SILKSCREEN" originx="-131.88976377953" originy="-3.9370078740157" startangle=".0" sweepangle="180.0" radius="1.9685039370078" width="7.8740157480314" />
    <line layer="TOP_SILKSCREEN" originx="-133.85826771653" originy="-3.9370078740157" endx="-133.85826771653" endy="-3.9370078740157" width="7.8740157480314" />
    <arc layer="TOP_SILKSCREEN" originx="-131.88976377953" originy="-3.9370078740157" startangle="180.0" sweepangle="180.0" radius="1.9685039370078" width="7.8740157480314" />
  </footprint>
  <symbol name="TS24CA" originx="0" originy="0">
    <line originx="200" originy="100" endx="700" endy="100" width="0" />
    <line originx="700" originy="-200" endx="700" endy="100" width="0" />
    <line originx="700" originy="-200" endx="200" endy="-200" width="0" />
    <line originx="200" originy="100" endx="200" endy="-200" width="0" />
    <sympin number="1" originx="700" originy="0" rotation="0" length="100" width="7.8740157480315" flipped="False">
      <text name="pinname" originx="670" originy="0" style="Default" rotation="0" justify="right" flipped="False" hidden="False" data="1" />
      <text name="pindes" originx="760" originy="20" style="Default" rotation="0" justify="lowerleft" flipped="False" hidden="False" data="1" />
    </sympin>
    <sympin number="2" originx="700" originy="-100" rotation="0" length="100" width="7.8740157480315" flipped="False">
      <text name="pinname" originx="670" originy="-100" style="Default" rotation="0" justify="right" flipped="False" hidden="False" data="2" />
      <text name="pindes" originx="760" originy="-80" style="Default" rotation="0" justify="lowerleft" flipped="False" hidden="False" data="2" />
    </sympin>
    <sympin number="3" originx="200" originy="0" rotation="180" length="100" width="7.8740157480315" flipped="False">
      <text name="pinname" originx="230" originy="0" style="Default" rotation="0" justify="left" flipped="False" hidden="False" data="COM" />
      <text name="pindes" originx="140" originy="20" style="Default" rotation="0" justify="lowerright" flipped="False" hidden="False" data="3" />
    </sympin>
    <sympin number="4" originx="200" originy="-100" rotation="180" length="100" width="7.8740157480315" flipped="False">
      <text name="pinname" originx="230" originy="-100" style="Default" rotation="0" justify="left" flipped="False" hidden="False" data="NO" />
      <text name="pindes" originx="140" originy="-80" style="Default" rotation="0" justify="lowerright" flipped="False" hidden="False" data="4" />
    </sympin>
  </symbol>
  <component name="TS24CA" designatorprefix="S" height="70.866141732283" footprint="TS24CA">
    <comppin designator="1" sympin="1" pinswap="0" gateswap="0" gate="1" group="1" side="" type="Any" name="1" />
    <comppin designator="2" sympin="2" pinswap="0" gateswap="0" gate="1" group="1" side="" type="Any" name="2" />
    <comppin designator="3" sympin="3" pinswap="0" gateswap="0" gate="1" group="1" side="" type="Any" name="COM" />
    <comppin designator="4" sympin="4" pinswap="0" gateswap="0" gate="1" group="1" side="" type="Any" name="NO" />
    <attached_symbol gate="1" name="TS24CA" />
    <pinmap designator="1" footprintpin="1" />
    <pinmap designator="2" footprintpin="2" />
    <pinmap designator="3" footprintpin="3" />
    <pinmap designator="4" footprintpin="4" />
    <text name="Datasheet" originx="0" originy="0" style="Default" rotation="0" justify="" flipped="False" hidden="True" data="https://datasheet.lcsc.com/lcsc/1912111437_SHOU-HAN-TS24CA_C393942.pdf" />
    <text name="Description" originx="0" originy="0" style="Default" rotation="0" justify="" flipped="False" hidden="True" data="Tactile Switches SPST 4.55mm x 3.50mm 1.80mm 50mA @ 12VDC SMD" />
    <text name="Manufacturer_Name" originx="0" originy="0" style="Default" rotation="0" justify="" flipped="False" hidden="True" data="Shou Han" />
    <text name="Manufacturer_Part_Number" originx="750" originy="200" style="Default" rotation="0" justify="left" flipped="False" hidden="False" data="TS24CA" />
    <text name="Mouser Part Number" originx="0" originy="0" style="Default" rotation="0" justify="" flipped="False" hidden="True" data="" />
    <text name="Mouser Price/Stock" originx="0" originy="0" style="Default" rotation="0" justify="" flipped="False" hidden="True" data="" />
    <text name="Arrow Part Number" originx="0" originy="0" style="Default" rotation="0" justify="" flipped="False" hidden="True" data="" />
    <text name="Arrow Price/Stock" originx="0" originy="0" style="Default" rotation="0" justify="" flipped="False" hidden="True" data="" />
    <text name="Mouser Testing Part Number" originx="0" originy="0" style="Default" rotation="0" justify="" flipped="False" hidden="True" data="" />
    <text name="Mouser Testing Price/Stock" originx="0" originy="0" style="Default" rotation="0" justify="" flipped="False" hidden="True" data="" />
  </component>
</quadcept_library>
